{"cameraMode":{"drawMode":0,"name":"Shaded","section":"Shading Mode"},"sceneLighting":false,"audioPlay":false,"sceneViewState":{"showFog":true,"showMaterialUpdate":true,"showSkybox":true,"showFlares":true,"showImageEffects":true,"showParticleSystems":true},"in2DMode":false,"pivot":{"x":139.79991149902345,"y":2.0795464515686037,"z":133.19509887695313},"rotation":{"x":-0.03550656884908676,"y":-0.8678398132324219,"z":0.06268114596605301,"w":-0.4915938675403595},"size":9.674094200134278,"orthographic":false}