{"cameraMode":{"drawMode":0,"name":"Shaded","section":"Shading Mode"},"sceneLighting":false,"audioPlay":false,"sceneViewState":{"showFog":true,"showMaterialUpdate":false,"showSkybox":true,"showFlares":true,"showImageEffects":true,"showParticleSystems":true},"in2DMode":false,"pivot":{"x":-21.892898559570314,"y":3.027359962463379,"z":-19.689956665039064},"rotation":{"x":-0.20576635003089906,"y":-0.7925565838813782,"z":0.43381267786026,"w":-0.3759266436100006},"size":9.948934555053711,"orthographic":false}