{"cameraMode":{"drawMode":0,"name":"Shaded","section":"Shading Mode"},"sceneLighting":false,"audioPlay":false,"sceneViewState":{"showFog":true,"showMaterialUpdate":false,"showSkybox":true,"showFlares":true,"showImageEffects":true,"showParticleSystems":true},"in2DMode":false,"pivot":{"x":0.7120000123977661,"y":0.1289999932050705,"z":0.4970000088214874},"rotation":{"x":0.05507712438702583,"y":-0.6262034773826599,"z":0.04441831260919571,"w":0.7764424681663513},"size":0.5637713074684143,"orthographic":false}