{"cameraMode":{"drawMode":0,"name":"Shaded","section":"Shading Mode"},"sceneLighting":true,"audioPlay":false,"sceneViewState":{"showFog":true,"showMaterialUpdate":true,"showSkybox":true,"showFlares":true,"showImageEffects":true,"showParticleSystems":true},"in2DMode":false,"pivot":{"x":431.4082336425781,"y":24.331787109375,"z":80.66049194335938},"rotation":{"x":0.023558422923088075,"y":-0.7184845209121704,"z":-0.024365652352571489,"w":-0.69471675157547},"size":340.1563415527344,"orthographic":false}